server_name,product,is_exposed,is_dmz,days_since_patching,is_eol
pippo1,windows_server_2019,0,1,10,1
pippo2,windows_server_2019,1,0,197,1
pippo3,firefox,0,0,136,0
pippo4,windows_server_2008,1,1,30,1
pippo5,fedora,1,0,115,1
pippo6,opensuse,1,0,314,0
pippo7,windows_xp,1,0,92,1
pippo8,mac_os_x,1,0,157,1
pippo9,sd_212_firmware,0,1,186,1
pippo10,flash_player,1,1,121,1
pippo11,imagemagick,1,1,9,0
pippo12,reader,0,1,16,0
pippo13,windows_server_2016,0,0,57,1
pippo14,windows_8.1,0,0,288,0
pippo15,debian_linux,0,1,260,0
pippo16,wireshark,1,0,257,1
pippo17,firefox,1,1,185,1
pippo18,windows_server_2012,1,0,44,1
pippo19,leap,1,1,143,0
pippo20,windows_7,1,0,361,0
pippo21,enterprise_linux_workstation,0,0,160,1
pippo22,windows_8.1,1,1,26,0
pippo23,iphone_os,1,1,182,1
pippo24,reader,0,1,227,1
pippo25,fedora,1,1,207,1
pippo26,fedora,1,1,25,1
pippo27,windows_7,0,0,73,1
pippo28,windows_vista,1,0,48,0
pippo29,linux_kernel,0,0,131,1
pippo30,tvos,1,0,115,0
pippo31,windows_7,1,1,248,0
pippo32,windows_xp,0,0,216,0
pippo33,opensuse,0,0,5,1
pippo34,fedora,1,1,67,1
pippo35,sd_625_firmware,0,0,216,0
pippo36,acrobat_dc,1,1,115,0
pippo37,reader,0,1,243,1
pippo38,enterprise_linux_workstation,1,1,156,1
pippo39,sd_212_firmware,0,0,120,0
pippo40,sd_210_firmware,0,1,160,1
pippo41,imagemagick,1,1,339,1
pippo42,sd_210_firmware,0,0,352,1
pippo43,watchos,0,0,181,1
pippo44,reader,0,1,76,0
pippo45,acrobat,0,1,218,1
pippo46,acrobat,1,1,284,0
pippo47,sd_625_firmware,1,1,251,0
pippo48,php,1,1,34,0
pippo49,windows_server_2008,0,0,271,1
pippo50,itunes,0,1,35,1
pippo51,windows_rt_8.1,0,1,174,1
pippo52,edge,1,0,3,0
pippo53,iphone_os,1,1,78,0
pippo54,ubuntu_linux,1,0,42,1
pippo55,windows_server_2019,1,1,127,0
pippo56,itunes,0,0,184,0
pippo57,windows_10,0,1,67,1
pippo58,itunes,1,0,357,0
pippo59,windows_10,0,0,83,1
pippo60,flash_player,0,0,197,1
pippo61,enterprise_linux,1,1,196,0
pippo62,acrobat,1,1,205,1
pippo63,windows_server_2019,0,1,79,0
pippo64,windows_10,1,1,268,1
pippo65,enterprise_linux_desktop,1,1,166,1
pippo66,windows_vista,1,1,252,1
pippo67,chrome,1,0,284,0
pippo68,opensuse,1,0,55,1
pippo69,imagemagick,1,0,244,1
pippo70,php,0,0,54,1
pippo71,php,0,1,289,1
pippo72,edge,1,1,191,0
pippo73,mac_os_x_server,0,0,166,0
pippo74,fedora,1,1,189,0
pippo75,windows_server_2019,0,0,251,0
pippo76,fedora,1,1,305,1
pippo77,firefox,1,1,166,1
pippo78,watchos,0,0,181,1
pippo79,firefox_esr,0,0,316,0
pippo80,opensuse,0,1,7,1
pippo81,windows_7,1,1,296,1
pippo82,office,1,0,0,0
pippo83,sd_625_firmware,1,1,99,0
pippo84,acrobat_reader,0,0,224,1
pippo85,sd_212_firmware,0,1,149,0
pippo86,windows_rt_8.1,1,0,168,0
pippo87,ubuntu_linux,1,1,49,0
pippo88,wireshark,1,0,237,1
pippo89,sd_212_firmware,1,0,263,0
pippo90,opensuse,1,1,322,1
pippo91,safari,1,0,136,0
pippo92,acrobat,0,0,107,1
pippo93,mac_os_x_server,1,0,341,1
pippo94,windows_8.1,1,0,273,1
pippo95,iphone_os,0,0,73,1
pippo96,windows_7,0,1,314,1
pippo97,reader,0,1,270,0
pippo98,php,0,1,31,0
pippo99,windows_server_2003,1,0,63,0
pippo100,windows_xp,0,1,296,0
